City;IsCapital;State;StateAbbrev;Region;IDHM;IDHMEducacao;IDHMLongividade;IDHMRenda;PIB;PIBperCapita;Population;Atividade1;Atividade2;Atividade3;QuantityStartups;TotalFundingAmount;Geocode.lon;Geocode.lat
Ariquemes;0;Rondônia;RO;Norte;702;600;806;716;2296074; 21389.67;107863;Demais serviços;Administração, defesa, educação e saúde públicas e seguridade social;Comércio e reparação de veículos automotores e motocicletas;1;0;-63.0330413; -9.9061054
Ji-Paraná;0;Rondônia;RO;Norte;714;617;810;728;3026759; 22814.71;128969;Demais serviços;Administração, defesa, educação e saúde públicas e seguridade social;Comércio e reparação de veículos automotores e motocicletas;3;0;-61.9326728;-10.8781412
Porto Velho;1;Rondônia;RO;Norte;736;638;819;764;16514535; 31793.20;529544;Eletricidade e gás, água, esgoto, atividades de gestão de resíduos e descontaminação;Demais serviços;Administração, defesa, educação e saúde públicas e seguridade social;4;0;-63.9004398; -8.7611933
Rolim de Moura;0;Rondônia;RO;Norte;700;598;808;709;1297525; 22734.08;55058;Administração, defesa, educação e saúde públicas e seguridade social;Demais serviços;Indústrias de transformação;1;0;-61.7781409;-11.7256983
Vilhena;0;Rondônia;RO;Norte;731;659;808;734;2555582; 26723.64;99854;Demais serviços;Administração, defesa, educação e saúde públicas e seguridade social;Comércio e reparação de veículos automotores e motocicletas;1;0;-60.1184797;-12.0416685
Rio Branco;1;Acre;AC;Norte;727;661;798;729;8151494; 21258.68;407319;Demais serviços;Administração, defesa, educação e saúde públicas e seguridade social;Comércio e reparação de veículos automotores e motocicletas;2;0;-68.4293214; -9.9753374
Manaus;1;Amazonas;AM;Norte;737;658;826;738;73201651; 34362.71;2182763;Indústrias de transformação;Demais serviços;Administração, defesa, educação e saúde públicas e seguridade social;33;12796;-60.0217314; -3.1190275
Boa Vista;1;Roraima;RR;Norte;752;708;816;737;8939317; 26924.03;399213;Administração, defesa, educação e saúde públicas e seguridade social;Demais serviços;Comércio e reparação de veículos automotores e motocicletas;2;0;-60.6758331;  2.8235098
Abaetetuba;0;Pará;PA;Norte;628;537;798;579;1337194;  8718.18;157698;Administração, defesa, educação e saúde públicas e seguridade social;Demais serviços;Comércio e reparação de veículos automotores e motocicletas;1;0;-48.8792698; -1.7221887
Ananindeua;0;Pará;PA;Norte;718;658;821;684;6979135; 13523.96;530598;Demais serviços;Administração, defesa, educação e saúde públicas e seguridade social;Comércio e reparação de veículos automotores e motocicletas;2;0;-48.3746372; -1.3650671
Belém;1;Pará;PA;Norte;746;673;822;751;30238484; 20821.46;1492745;Demais serviços;Comércio e reparação de veículos automotores e motocicletas;Administração, defesa, educação e saúde públicas e seguridade social;10;0;-48.4901785; -1.4557292
Itaituba;0;Pará;PA;Norte;640;510;800;644;1770652; 17971.96;101247;Demais serviços;Administração, defesa, educação e saúde públicas e seguridade social;Comércio e reparação de veículos automotores e motocicletas;1;0;-55.9931173; -4.2670701
Paragominas;0;Pará;PA;Norte;645;514;781;667;2949844; 26810.43;113145;Indústrias extrativas;Demais serviços;Administração, defesa, educação e saúde públicas e seguridade social;1;0;-47.3530977; -3.0026165
Santarém;0;Pará;PA;Norte;691;648;807;632;4835188; 16318.44;304589;Demais serviços;Administração, defesa, educação e saúde públicas e seguridade social;Comércio e reparação de veículos automotores e motocicletas;1;0;-54.7009228; -2.4506291
Macapá;1;Amapá;AP;Norte;733;663;820;723;9994877; 21054.88;503327;Administração, defesa, educação e saúde públicas e seguridade social;Demais serviços;Comércio e reparação de veículos automotores e motocicletas;2;0;-51.0705350;  0.0355735
Araguaína;0;Tocantins;TO;Norte;752;712;821;727;4013612; 22809.80;180470;Demais serviços;Administração, defesa, educação e saúde públicas e seguridade social;Comércio e reparação de veículos automotores e motocicletas;2;0;-48.2048270; -7.1927733
Paranã;0;Tocantins;TO;Norte;595;461;777;588;212625; 20131.09;10449;Eletricidade e gás, água, esgoto, atividades de gestão de resíduos e descontaminação;Administração, defesa, educação e saúde públicas e seguridade social;Pecuária, inclusive apoio à pecuária;1;0;-47.8699850;-12.6207117
Palmas;1;Tocantins;TO;Norte;788;749;827;789;8246273; 28754.00;299127;Demais serviços;Administração, defesa, educação e saúde públicas e seguridade social;Comércio e reparação de veículos automotores e motocicletas;14;0;-48.3242858;-10.2490910
Paulo Ramos;0;Maranhão;MA;Nordeste;549;447;677;546;146152;  7075.18;21040;Administração, defesa, educação e saúde públicas e seguridade social;Demais serviços;Comércio e reparação de veículos automotores e motocicletas;1;0;-45.2401600; -4.4452296
São Luís;1;Maranhão;MA;Nordeste;768;752;813;741;29727650; 27226.41;1101884;Demais serviços;Comércio e reparação de veículos automotores e motocicletas;Administração, defesa, educação e saúde públicas e seguridade social;6;0;-44.2567292; -2.5299669
Timon;0;Maranhão;MA;Nordeste;649;579;768;614;1802654; 10754.47;169107;Demais serviços;Administração, defesa, educação e saúde públicas e seguridade social;Comércio e reparação de veículos automotores e motocicletas;1;0;-42.8289187; -5.1045734
Vitória do Mearim;0;Maranhão;MA;Nordeste;596;534;733;540;256394;  7946.03;32764;Administração, defesa, educação e saúde públicas e seguridade social;Demais serviços;Comércio e reparação de veículos automotores e motocicletas;1;0;-44.8722032; -3.4604085
Teresina;1;Piauí;PI;Nordeste;751;707;820;731;19113870; 22481.67;864845;Demais serviços;Administração, defesa, educação e saúde públicas e seguridade social;Comércio e reparação de veículos automotores e motocicletas;15;0;-42.8037597; -5.0920108
Caucaia;0;Ceará;CE;Nordeste;682;632;808;620;5860370; 16178.90;361400;Demais serviços;Administração, defesa, educação e saúde públicas e seguridade social;Comércio e reparação de veículos automotores e motocicletas;1;0;-38.6619214; -3.7281443
Chaval;0;Ceará;CE;Nordeste;586;536;716;524;92306;  7126.75;13069;Administração, defesa, educação e saúde públicas e seguridade social;Demais serviços;Comércio e reparação de veículos automotores e motocicletas;1;0;-41.2205911; -3.0786716
Crato;0;Ceará;CE;Nordeste;713;673;822;655;1537562; 11772.70;132123;Demais serviços;Administração, defesa, educação e saúde públicas e seguridade social;Comércio e reparação de veículos automotores e motocicletas;1;0;-39.4122984; -7.2299572
Fortaleza;1;Ceará;CE;Nordeste;754;695;824;749;61579403; 23436.66;2669342;Demais serviços;Comércio e reparação de veículos automotores e motocicletas;Administração, defesa, educação e saúde públicas e seguridade social;19;1093825;-38.5269981; -3.7327144
Juazeiro do Norte;0;Ceará;CE;Nordeste;694;642;810;644;4427525; 16375.01;274207;Demais serviços;Comércio e reparação de veículos automotores e motocicletas;Administração, defesa, educação e saúde públicas e seguridade social;1;0;-39.3124461; -7.2290365
Maracanaú;0;Ceará;CE;Nordeste;686;665;788;617;8537588; 37977.92;227886;Indústrias de transformação;Demais serviços;Comércio e reparação de veículos automotores e motocicletas;1;0;-38.6261113; -3.8674127
Missão Velha;0;Ceará;CE;Nordeste;622;552;754;579;616366; 17407.05;35393;Agricultura, inclusive apoio à agricultura e a pós colheita;Administração, defesa, educação e saúde públicas e seguridade social;Demais serviços;1;0;-39.1402612; -7.2496801
Quixadá;0;Ceará;CE;Nordeste;659;624;775;592;937277; 10822.44;87728;Demais serviços;Administração, defesa, educação e saúde públicas e seguridade social;Comércio e reparação de veículos automotores e motocicletas;1;0;-39.0161259; -4.9684385
Barcelona;0;Rio Grande do Norte;RN;Nordeste;566;442;726;564;35277;  8680.27;3998;Administração, defesa, educação e saúde públicas e seguridade social;Demais serviços;Comércio e reparação de veículos automotores e motocicletas;4;55691;-35.9260670; -5.9506581
Parnamirim;0;Rio Grande do Norte;RN;Nordeste;766;726;825;750;5022894; 19720.13;261469;Demais serviços;Administração, defesa, educação e saúde públicas e seguridade social;Comércio e reparação de veículos automotores e motocicletas;1;0;-35.2713164; -5.9115545
Lagoa Nova;0;Rio Grande do Norte;RN;Nordeste;585;483;764;542;262166; 16816.27;15614;Administração, defesa, educação e saúde públicas e seguridade social;Indústrias de transformação;Demais serviços;2;0;-36.4705973; -6.0937853
Natal;1;Rio Grande do Norte;RN;Nordeste;763;694;835;768;23454683; 26497.08;884122;Demais serviços;Comércio e reparação de veículos automotores e motocicletas;Administração, defesa, educação e saúde públicas e seguridade social;12;0;-35.2009160; -5.7792569
Tibau do Sul;0;Rio Grande do Norte;RN;Nordeste;645;504;794;672;305193; 21964.26;14180;Demais serviços;Administração, defesa, educação e saúde públicas e seguridade social;Produção florestal, pesca e aquicultura;1;0;-35.0918639; -6.1868146
Belém;0;Paraíba;PB;Nordeste;592;492;759;557;170510;  9641.48;17676;Administração, defesa, educação e saúde públicas e seguridade social;Demais serviços;Indústrias de transformação;19;0;-35.5000999; -6.6906402
Cabedelo;0;Paraíba;PB;Nordeste;748;651;822;782;2895223; 42556.16;67736;Comércio e reparação de veículos automotores e motocicletas;Demais serviços;Administração, defesa, educação e saúde públicas e seguridade social;1;0;-34.8430206; -7.0402944
Campina Grande;0;Paraíba;PB;Nordeste;720;654;812;702;8648690; 21077.30;409731;Demais serviços;Administração, defesa, educação e saúde públicas e seguridade social;Comércio e reparação de veículos automotores e motocicletas;10;0;-35.8808337; -7.2290752
João Pessoa;1;Paraíba;PB;Nordeste;763;693;832;770;19737917; 24319.82;809015;Demais serviços;Administração, defesa, educação e saúde públicas e seguridade social;Comércio e reparação de veículos automotores e motocicletas;12;40000;-34.8450118; -7.1194958
Malta;0;Paraíba;PB;Nordeste;642;533;800;620;49595;  8754.55;5759;Administração, defesa, educação e saúde públicas e seguridade social;Demais serviços;Eletricidade e gás, água, esgoto, atividades de gestão de resíduos e descontaminação;2;130687;-37.5321341; -6.8693545
Araçoiaba;0;Pernambuco;PE;Nordeste;592;498;765;544;139026;  6859.40;20524;Administração, defesa, educação e saúde públicas e seguridade social;Demais serviços;Comércio e reparação de veículos automotores e motocicletas;1;0;-35.0924127; -7.7890434
Belém do São Francisco;0;Pernambuco;PE;Nordeste;642;553;784;611;203238;  9832.53;20729;Administração, defesa, educação e saúde públicas e seguridade social;Demais serviços;Agricultura, inclusive apoio à agricultura e a pós colheita;1;114835;-39.0116869; -8.5494882
Cabo de Santo Agostinho;0;Pernambuco;PE;Nordeste;686;609;812;654;9964401; 48689.25;207048;Demais serviços;Indústrias de transformação;Comércio e reparação de veículos automotores e motocicletas;1;0;-35.0304219; -8.2794398
Jaboatão dos Guararapes;0;Pernambuco;PE;Nordeste;717;642;830;692;13545569; 19463.25;702298;Demais serviços;Administração, defesa, educação e saúde públicas e seguridade social;Comércio e reparação de veículos automotores e motocicletas;1;0;-34.9208740; -8.1688125
Olinda;0;Pernambuco;PE;Nordeste;735;675;836;704;5438691; 13917.85;392482;Demais serviços;Administração, defesa, educação e saúde públicas e seguridade social;Comércio e reparação de veículos automotores e motocicletas;1;0;-34.8416216; -7.9907141
Petrolina;0;Pernambuco;PE;Nordeste;697;611;799;695;5990719; 17454.51;349145;Demais serviços;Administração, defesa, educação e saúde públicas e seguridade social;Comércio e reparação de veículos automotores e motocicletas;4;0;-40.5030961; -9.3890830
Recife;1;Pernambuco;PE;Nordeste;772;698;825;798;51859618; 31743.72;1645727;Demais serviços;Comércio e reparação de veículos automotores e motocicletas;Administração, defesa, educação e saúde públicas e seguridade social;28;96021;-34.9286096; -8.0522404
Santa Cruz do Capibaribe;0;Pernambuco;PE;Nordeste;648;506;806;667;1428396; 13505.89;107937;Demais serviços;Administração, defesa, educação e saúde públicas e seguridade social;Comércio e reparação de veículos automotores e motocicletas;1;0;-36.2064182; -7.9484331
Vitória de Santo Antão;0;Pernambuco;PE;Nordeste;640;543;768;629;3691943; 26835.27;138757;Demais serviços;Indústrias de transformação;Comércio e reparação de veículos automotores e motocicletas;1;0;-35.2979382; -8.1286072
Aracaju;1;Sergipe;SE;Nordeste;770;708;823;784;16373280; 25185.55;657013;Demais serviços;Administração, defesa, educação e saúde públicas e seguridade social;Comércio e reparação de veículos automotores e motocicletas;8;663922;-37.0730823;-10.9472468
Barra dos Coqueiros;0;Sergipe;SE;Nordeste;649;545;776;647;385554; 12935.03;30407;Administração, defesa, educação e saúde públicas e seguridade social;Demais serviços;Comércio e reparação de veículos automotores e motocicletas;1;0;-37.0326534;-10.9000587
São Cristóvão;0;Sergipe;SE;Nordeste;662;581;800;624;909858; 10196.55;90072;Administração, defesa, educação e saúde públicas e seguridade social;Demais serviços;Construção;1;0;-37.2074411;-11.0119289
Barreiras;0;Bahia;BA;Nordeste;721;668;807;695;3889952; 24676.48;155439;Demais serviços;Agricultura, inclusive apoio à agricultura e a pós colheita;Comércio e reparação de veículos automotores e motocicletas;1;0;-44.9953475;-12.1477483
Brotas de Macaúbas;0;Bahia;BA;Nordeste;570;445;754;552;76414;  6963.18;10231;Administração, defesa, educação e saúde públicas e seguridade social;Demais serviços;Pecuária, inclusive apoio à pecuária;1;0;-42.6303208;-12.0011499
Conde;0;Bahia;BA;Nordeste;560;451;705;551;304292; 11538.90;25837;Administração, defesa, educação e saúde públicas e seguridade social;Demais serviços;Agricultura, inclusive apoio à agricultura e a pós colheita;1;0;-37.5683236;-11.8538988
Feira de Santana;0;Bahia;BA;Nordeste;712;619;820;710;13657295; 21765.41;614872;Demais serviços;Comércio e reparação de veículos automotores e motocicletas;Administração, defesa, educação e saúde públicas e seguridade social;5;0;-38.9600762;-12.2535848
Porto Seguro;0;Bahia;BA;Nordeste;676;572;801;673;2820578; 18888.98;148686;Demais serviços;Administração, defesa, educação e saúde públicas e seguridade social;Comércio e reparação de veículos automotores e motocicletas;1;0;-39.0653656;-16.4443537
Salvador;1;Bahia;BA;Nordeste;759;679;835;772;62717483; 21231.48;2872347;Demais serviços;Comércio e reparação de veículos automotores e motocicletas;Administração, defesa, educação e saúde públicas e seguridade social;16;29241;-38.5016301;-12.9777490
Santa Cruz Cabrália;0;Bahia;BA;Nordeste;654;571;784;624;394545; 13818.49;27778;Demais serviços;Administração, defesa, educação e saúde públicas e seguridade social;Produção florestal, pesca e aquicultura;2;0;-39.0236206;-16.2825282
Uauá;0;Bahia;BA;Nordeste;605;535;747;554;179976;  6983.13;24240;Administração, defesa, educação e saúde públicas e seguridade social;Demais serviços;Comércio e reparação de veículos automotores e motocicletas;1;40000;-39.4797528; -9.8336723
Vitória da Conquista;0;Bahia;BA;Nordeste;678;581;788;681;6482663; 18589.99;338480;Demais serviços;Comércio e reparação de veículos automotores e motocicletas;Administração, defesa, educação e saúde públicas e seguridade social;2;0;-40.8445346;-14.8619237
Alfenas;0;Minas Gerais;MG;Sudeste;761;712;841;737;2664046; 33422.98;79996;Demais serviços;Comércio e reparação de veículos automotores e motocicletas;Administração, defesa, educação e saúde públicas e seguridade social;3;0;-45.9470205;-21.4245173
Araguari;0;Minas Gerais;MG;Sudeste;773;716;871;740;4091891; 34840.91;117267;Demais serviços;Eletricidade e gás, água, esgoto, atividades de gestão de resíduos e descontaminação;Indústrias de transformação;1;0;-48.1979912;-18.6458648
Araxá;0;Minas Gerais;MG;Sudeste;772;709;858;756;5141111; 49299.60;106229;Demais serviços;Indústrias de transformação;Comércio e reparação de veículos automotores e motocicletas;2;0;-46.9442412;-19.5906483
Belo Horizonte;1;Minas Gerais;MG;Sudeste;810;737;856;841;88951168; 35245.02;2512070;Demais serviços;Administração, defesa, educação e saúde públicas e seguridade social;Comércio e reparação de veículos automotores e motocicletas;325;32917879;-43.9344931;-19.9166813
Betim;0;Minas Gerais;MG;Sudeste;749;687;864;709;23088153; 54052.13;439340;Indústrias de transformação;Demais serviços;Comércio e reparação de veículos automotores e motocicletas;3;48000;-44.2011904;-19.9673078
Carangola;0;Minas Gerais;MG;Sudeste;695;573;837;699;516515; 15391.25;33000;Demais serviços;Administração, defesa, educação e saúde públicas e seguridade social;Comércio e reparação de veículos automotores e motocicletas;1;0;-42.0299263;-20.7314751
Caratinga;0;Minas Gerais;MG;Sudeste;706;603;836;697;1608693; 17516.07;92062;Demais serviços;Administração, defesa, educação e saúde públicas e seguridade social;Comércio e reparação de veículos automotores e motocicletas;1;0;-42.1364490;-19.7888614
Carmo do Rio Claro;0;Minas Gerais;MG;Sudeste;733;649;850;715;451284; 21031.02;21225;Demais serviços;Agricultura, inclusive apoio à agricultura e a pós colheita;Administração, defesa, educação e saúde públicas e seguridade social;1;0;-46.1184521;-20.9733112
Conselheiro Lafaiete;0;Minas Gerais;MG;Sudeste;761;697;860;736;2125977; 16691.48;128589;Demais serviços;Administração, defesa, educação e saúde públicas e seguridade social;Comércio e reparação de veículos automotores e motocicletas;2;0;-43.7850227;-20.6639305
Contagem;0;Minas Gerais;MG;Sudeste;756;697;832;745;28988053; 44015.99;663855;Demais serviços;Comércio e reparação de veículos automotores e motocicletas;Indústrias de transformação;6;0;-44.0808763;-19.9161508
Coronel Fabriciano;0;Minas Gerais;MG;Sudeste;755;696;865;715;1648593; 14942.92;109855;Demais serviços;Administração, defesa, educação e saúde públicas e seguridade social;Comércio e reparação de veículos automotores e motocicletas;1;0;-42.6282537;-19.5190218
Cruzeiro da Fortaleza;0;Minas Gerais;MG;Sudeste;696;562;832;720;92905; 22258.02;3626;Pecuária, inclusive apoio à pecuária;Administração, defesa, educação e saúde públicas e seguridade social;Demais serviços;1;0;-46.6732883;-18.9469558
Curvelo;0;Minas Gerais;MG;Sudeste;713;617;851;689;1480513; 18534.68;80129;Demais serviços;Administração, defesa, educação e saúde públicas e seguridade social;Comércio e reparação de veículos automotores e motocicletas;1;0;-44.4306733;-18.7532048
Divinópolis;0;Minas Gerais;MG;Sudeste;764;702;844;753;6036935; 25695.97;238230;Demais serviços;Administração, defesa, educação e saúde públicas e seguridade social;Comércio e reparação de veículos automotores e motocicletas;2;0;-44.9716724;-20.1034440
Governador Valadares;0;Minas Gerais;MG;Sudeste;727;644;834;714;5886910; 20957.24;279885;Demais serviços;Administração, defesa, educação e saúde públicas e seguridade social;Comércio e reparação de veículos automotores e motocicletas;2;0;-41.9589601;-18.8547986
Ipatinga;0;Minas Gerais;MG;Sudeste;771;705;864;752;9662783; 36993.39;263410;Demais serviços;Indústrias de transformação;Administração, defesa, educação e saúde públicas e seguridade social;1;0;-42.5480120;-19.4707569
Itabira;0;Minas Gerais;MG;Sudeste;756;678;873;729;5220378; 43763.91;120060;Indústrias extrativas;Demais serviços;Administração, defesa, educação e saúde públicas e seguridade social;1;0;-43.2316363;-19.6244172
Itajubá;0;Minas Gerais;MG;Sudeste;787;718;884;767;3010826; 31039.44;96869;Demais serviços;Indústrias de transformação;Administração, defesa, educação e saúde públicas e seguridade social;7;100000;-45.4591388;-22.4292698
Itaúna;0;Minas Gerais;MG;Sudeste;758;685;850;749;3028868; 32675.28;93214;Demais serviços;Indústrias de transformação;Administração, defesa, educação e saúde públicas e seguridade social;2;0;-44.5805309;-20.0822785
Ituiutaba;0;Minas Gerais;MG;Sudeste;739;644;840;745;2895226; 27698.62;104671;Demais serviços;Indústrias de transformação;Administração, defesa, educação e saúde públicas e seguridade social;1;0;-49.4600885;-18.9745738
Juatuba;0;Minas Gerais;MG;Sudeste;717;649;849;670;1201845; 46449.90;26946;Indústrias de transformação;Demais serviços;Administração, defesa, educação e saúde públicas e seguridade social;1;0;-44.3413836;-19.9433029
Juiz de Fora;0;Minas Gerais;MG;Sudeste;778;711;844;784;15985712; 28355.07;568873;Demais serviços;Administração, defesa, educação e saúde públicas e seguridade social;Comércio e reparação de veículos automotores e motocicletas;32;1632986;-43.3436917;-21.7623644
Lagoa Santa;0;Minas Gerais;MG;Sudeste;777;693;857;790;1661110; 26899.69;64527;Demais serviços;Administração, defesa, educação e saúde públicas e seguridade social;Comércio e reparação de veículos automotores e motocicletas;1;0;-43.8983253;-19.6302907
Lavras;0;Minas Gerais;MG;Sudeste;782;719;880;757;2485868; 24341.66;103773;Demais serviços;Administração, defesa, educação e saúde públicas e seguridade social;Comércio e reparação de veículos automotores e motocicletas;6;2418999;-45.0013747;-21.2484875
Mar de Espanha;0;Minas Gerais;MG;Sudeste;684;558;825;694;170434; 13374.73;12814;Demais serviços;Administração, defesa, educação e saúde públicas e seguridade social;Indústrias de transformação;2;0;-43.0077186;-21.8622226
Mariana;0;Minas Gerais;MG;Sudeste;742;664;874;705;2897515; 48407.28;60724;Indústrias extrativas;Demais serviços;Administração, defesa, educação e saúde públicas e seguridade social;3;0;-43.4150073;-20.3652719
Matias Barbosa;0;Minas Gerais;MG;Sudeste;720;616;862;703;505119; 34958.76;14468;Demais serviços;Comércio e reparação de veículos automotores e motocicletas;Administração, defesa, educação e saúde públicas e seguridade social;1;0;-43.3177168;-21.8680209
Montes Claros;0;Minas Gerais;MG;Sudeste;770;744;868;707;8966059; 22302.13;409341;Demais serviços;Administração, defesa, educação e saúde públicas e seguridade social;Comércio e reparação de veículos automotores e motocicletas;2;0;-43.8582139;-16.7286406
Muriaé;0;Minas Gerais;MG;Sudeste;734;634;853;731;2100138; 19349.51;108763;Demais serviços;Administração, defesa, educação e saúde públicas e seguridade social;Comércio e reparação de veículos automotores e motocicletas;2;0;-42.3702252;-21.1291403
Nova Lima;0;Minas Gerais;MG;Sudeste;813;704;885;864;9112333; 98855.84;94889;Indústrias extrativas;Demais serviços;Administração, defesa, educação e saúde públicas e seguridade social;9;100000;-43.8485566;-19.9930478
Nova Módica;0;Minas Gerais;MG;Sudeste;630;527;779;610;42531; 11320.48;3600;Administração, defesa, educação e saúde públicas e seguridade social;Demais serviços;Pecuária, inclusive apoio à pecuária;1;0;-41.5007905;-18.4403488
Ouro Preto;0;Minas Gerais;MG;Sudeste;741;677;834;721;4644423; 62208.49;74281;Indústrias extrativas;Demais serviços;Administração, defesa, educação e saúde públicas e seguridade social;2;0;-43.5035777;-20.3855743
Padre Paraíso;0;Minas Gerais;MG;Sudeste;596;478;797;556;168829;  8367.40;20154;Administração, defesa, educação e saúde públicas e seguridade social;Demais serviços;Comércio e reparação de veículos automotores e motocicletas;1;0;-41.4863191;-17.0734506
Paracatu;0;Minas Gerais;MG;Sudeste;744;685;854;704;3510748; 38000.86;93158;Demais serviços;Indústrias extrativas;Agricultura, inclusive apoio à agricultura e a pós colheita;1;0;-46.8722780;-17.2175165
Pará de Minas;0;Minas Gerais;MG;Sudeste;725;628;848;715;2744669; 29595.63;93969;Demais serviços;Indústrias de transformação;Comércio e reparação de veículos automotores e motocicletas;1;0;-44.6075318;-19.8600145
Passos;0;Minas Gerais;MG;Sudeste;756;658;886;741;2387740; 20861.28;114679;Demais serviços;Administração, defesa, educação e saúde públicas e seguridade social;Comércio e reparação de veículos automotores e motocicletas;1;0;-46.6133353;-20.7221434
Patos de Minas;0;Minas Gerais;MG;Sudeste;765;698;855;749;4378966; 29020.34;152488;Demais serviços;Administração, defesa, educação e saúde públicas e seguridade social;Comércio e reparação de veículos automotores e motocicletas;4;0;-46.5147373;-18.5872541
Patrocínio;0;Minas Gerais;MG;Sudeste;729;628;852;723;2707529; 30089.34;90757;Demais serviços;Comércio e reparação de veículos automotores e motocicletas;Administração, defesa, educação e saúde públicas e seguridade social;1;0;-46.9942484;-18.9379901
Poços de Caldas;0;Minas Gerais;MG;Sudeste;779;706;872;768;6365940; 38329.41;167397;Demais serviços;Indústrias de transformação;Administração, defesa, educação e saúde públicas e seguridade social;2;0;-46.5619303;-21.7853787
Resplendor;0;Minas Gerais;MG;Sudeste;670;543;833;666;221895; 12525.82;17397;Demais serviços;Administração, defesa, educação e saúde públicas e seguridade social;Comércio e reparação de veículos automotores e motocicletas;1;0;-41.2513767;-19.3244066
Ribeirão das Neves;0;Minas Gerais;MG;Sudeste;684;591;822;658;3855401; 11723.14;334858;Administração, defesa, educação e saúde públicas e seguridade social;Demais serviços;Comércio e reparação de veículos automotores e motocicletas;1;0;-44.0853572;-19.7619024
Santa Luzia;0;Minas Gerais;MG;Sudeste;715;625;859;682;3785138; 17291.87;219134;Demais serviços;Indústrias de transformação;Administração, defesa, educação e saúde públicas e seguridade social;1;0;-43.9299434;-19.7878811
Santana do Paraíso;0;Minas Gerais;MG;Sudeste;685;552;878;663;490210; 14932.67;34663;Demais serviços;Administração, defesa, educação e saúde públicas e seguridade social;Indústrias de transformação;1;0;-42.5493465;-19.3741185
Santa Rita do Sapucaí;0;Minas Gerais;MG;Sudeste;721;620;830;727;1559508; 36846.90;43260;Demais serviços;Indústrias de transformação;Administração, defesa, educação e saúde públicas e seguridade social;5;1770906;-45.7035974;-22.2522523
São Gonçalo do Pará;0;Minas Gerais;MG;Sudeste;689;570;842;682;232566; 19404.77;12411;Indústrias de transformação;Demais serviços;Administração, defesa, educação e saúde públicas e seguridade social;1;0;-44.8580215;-19.9830855
São Joaquim de Bicas;0;Minas Gerais;MG;Sudeste;662;518;844;664;602735; 19984.58;31578;Demais serviços;Indústrias de transformação;Administração, defesa, educação e saúde públicas e seguridade social;2;0;-44.2753653;-20.0484521
São Sebastião do Paraíso;0;Minas Gerais;MG;Sudeste;722;613;836;735;1937431; 27468.44;70956;Demais serviços;Indústrias de transformação;Administração, defesa, educação e saúde públicas e seguridade social;1;0;-46.9841443;-20.9172128
Sete Lagoas;0;Minas Gerais;MG;Sudeste;760;705;840;742;8262636; 34977.38;239639;Demais serviços;Indústrias de transformação;Administração, defesa, educação e saúde públicas e seguridade social;2;0;-44.2416695;-19.4573800
Três Pontas;0;Minas Gerais;MG;Sudeste;731;643;850;714;1254491; 21971.22;56746;Demais serviços;Administração, defesa, educação e saúde públicas e seguridade social;Comércio e reparação de veículos automotores e motocicletas;2;0;-45.5113164;-21.3699248
Uberaba;0;Minas Gerais;MG;Sudeste;772;705;845;772;13152651; 40066.32;333783;Demais serviços;Indústrias de transformação;Comércio e reparação de veículos automotores e motocicletas;4;634118;-47.9391540;-19.7473668
Uberlândia;0;Minas Gerais;MG;Sudeste;789;716;885;776;34201962; 50548.78;691305;Demais serviços;Indústrias de transformação;Comércio e reparação de veículos automotores e motocicletas;61;2823059;-48.2754840;-18.9127534
Varginha;0;Minas Gerais;MG;Sudeste;778;707;875;760;5442563; 40506.11;135558;Demais serviços;Comércio e reparação de veículos automotores e motocicletas;Indústrias de transformação;1;23910;-45.4368543;-21.5560669
Viçosa;0;Minas Gerais;MG;Sudeste;775;696;883;758;1557426; 19869.94;78846;Demais serviços;Administração, defesa, educação e saúde públicas e seguridade social;Comércio e reparação de veículos automotores e motocicletas;5;0;-42.8832763;-20.7473931
Cariacica;0;Espírito Santo;ES;Sudeste;718;628;844;699;7973675; 20584.24;381285;Demais serviços;Comércio e reparação de veículos automotores e motocicletas;Administração, defesa, educação e saúde públicas e seguridade social;1;0;-40.4203022;-20.2643105
Guarapari;0;Espírito Santo;ES;Sudeste;731;626;837;746;2160859; 17544.28;124859;Demais serviços;Administração, defesa, educação e saúde públicas e seguridade social;Comércio e reparação de veículos automotores e motocicletas;1;0;-40.4997382;-20.6741197
Itapemirim;0;Espírito Santo;ES;Sudeste;654;540;808;640;3127950; 90330.08;34348;Indústrias extrativas;Demais serviços;Administração, defesa, educação e saúde públicas e seguridade social;1;0;-40.9990597;-20.9829904
Marataízes;0;Espírito Santo;ES;Sudeste;696;588;847;676;1611924; 41684.11;38499;Indústrias extrativas;Demais serviços;Administração, defesa, educação e saúde públicas e seguridade social;1;0;-40.8317367;-21.0454850
Piúma;0;Espírito Santo;ES;Sudeste;727;643;852;702;475517; 22287.06;21711;Demais serviços;Indústrias extrativas;Administração, defesa, educação e saúde públicas e seguridade social;1;0;-40.7357386;-20.8419866
Serra;0;Espírito Santo;ES;Sudeste;739;664;844;720;18538695; 36884.26;517510;Demais serviços;Comércio e reparação de veículos automotores e motocicletas;Administração, defesa, educação e saúde públicas e seguridade social;3;0;-40.3054099;-20.1228954
Vila Velha;0;Espírito Santo;ES;Sudeste;800;734;864;807;10994894; 22605.19;493838;Demais serviços;Comércio e reparação de veículos automotores e motocicletas;Administração, defesa, educação e saúde públicas e seguridade social;6;0;-40.2949528;-20.3477821
Vitória;1;Espírito Santo;ES;Sudeste;845;805;855;876;20255652; 55779.18;362097;Demais serviços;Comércio e reparação de veículos automotores e motocicletas;Administração, defesa, educação e saúde públicas e seguridade social;15;1053174;-40.2957768;-20.2976178
Barra do Piraí;0;Rio de Janeiro;RJ;Sudeste;733;665;819;723;2026188; 20789.95;100374;Demais serviços;Administração, defesa, educação e saúde públicas e seguridade social;Comércio e reparação de veículos automotores e motocicletas;5;0;-43.8393942;-22.4570139
Barra Mansa;0;Rio de Janeiro;RJ;Sudeste;729;657;819;720;4883051; 27211.05;184412;Demais serviços;Administração, defesa, educação e saúde públicas e seguridade social;Comércio e reparação de veículos automotores e motocicletas;1;0;-44.1772604;-22.5408519
Cabo Frio;0;Rio de Janeiro;RJ;Sudeste;735;640;836;743;8593977; 39781.41;226525;Demais serviços;Indústrias extrativas;Administração, defesa, educação e saúde públicas e seguridade social;1;0;-42.0266493;-22.8869007
Campos dos Goytacazes;0;Rio de Janeiro;RJ;Sudeste;716;619;830;715;21088777; 43013.04;507548;Demais serviços;Indústrias extrativas;Administração, defesa, educação e saúde públicas e seguridade social;1;70000;-41.3184501;-21.7626682
Carmo;0;Rio de Janeiro;RJ;Sudeste;696;608;813;683;416837; 22822.87;18895;Administração, defesa, educação e saúde públicas e seguridade social;Demais serviços;Eletricidade e gás, água, esgoto, atividades de gestão de resíduos e descontaminação;2;0;-42.6076037;-21.9314728
Duque de Caxias;0;Rio de Janeiro;RJ;Sudeste;711;624;833;692;40892161; 45894.84;919596;Demais serviços;Indústrias de transformação;Administração, defesa, educação e saúde públicas e seguridade social;6;0;-43.3053106;-22.7862985
Itaguaí;0;Rio de Janeiro;RJ;Sudeste;715;638;814;703;7564819; 61819.73;133019;Demais serviços;Administração, defesa, educação e saúde públicas e seguridade social;Comércio e reparação de veículos automotores e motocicletas;1;0;-43.7779144;-22.8632126
Itaperuna;0;Rio de Janeiro;RJ;Sudeste;730;649;837;716;2705103; 27051.85;103224;Demais serviços;Administração, defesa, educação e saúde públicas e seguridade social;Comércio e reparação de veículos automotores e motocicletas;1;0;-41.8803055;-21.2001578
Macaé;0;Rio de Janeiro;RJ;Sudeste;764;681;828;792;15371353; 62961.48;256672;Demais serviços;Administração, defesa, educação e saúde públicas e seguridade social;Indústrias de transformação;2;0;-41.9593241;-22.3233696
Niterói;0;Rio de Janeiro;RJ;Sudeste;837;773;854;887;27471324; 55049.66;513584;Demais serviços;Indústrias extrativas;Administração, defesa, educação e saúde públicas e seguridade social;4;0;-43.1152587;-22.8859267
Nova Friburgo;0;Rio de Janeiro;RJ;Sudeste;745;645;846;758;5014316; 27048.70;190631;Demais serviços;Administração, defesa, educação e saúde públicas e seguridade social;Comércio e reparação de veículos automotores e motocicletas;2;0;-42.5340796;-22.2887261
Nova Iguaçu;0;Rio de Janeiro;RJ;Sudeste;713;641;818;691;16833644; 21077.70;821128;Demais serviços;Administração, defesa, educação e saúde públicas e seguridade social;Comércio e reparação de veículos automotores e motocicletas;1;0;-43.4607419;-22.7561319
Petrópolis;0;Rio de Janeiro;RJ;Sudeste;745;639;847;763;12811831; 42958.85;306191;Demais serviços;Indústrias de transformação;Administração, defesa, educação e saúde públicas e seguridade social;7;0;-43.1779306;-22.5112498
Resende;0;Rio de Janeiro;RJ;Sudeste;768;709;839;762;7731527; 60915.10;131341;Demais serviços;Indústrias de transformação;Administração, defesa, educação e saúde públicas e seguridade social;1;0;-44.4534080;-22.4713608
Rio Claro;0;Rio de Janeiro;RJ;Sudeste;683;567;801;700;346903; 19285.26;18529;Administração, defesa, educação e saúde públicas e seguridade social;Demais serviços;Pecuária, inclusive apoio à pecuária;2;0;-44.1344215;-22.7259473
Rio de Janeiro;1;Rio de Janeiro;RJ;Sudeste;799;719;845;840;337594462; 51776.18;6718903;Demais serviços;Administração, defesa, educação e saúde públicas e seguridade social;Comércio e reparação de veículos automotores e motocicletas;506;309932501;-43.1728965;-22.9068467
Santo Antônio de Pádua;0;Rio de Janeiro;RJ;Sudeste;718;648;806;709;1049371; 25401.13;42479;Demais serviços;Administração, defesa, educação e saúde públicas e seguridade social;Indústrias de transformação;1;0;-42.1967716;-21.5539712
São Gonçalo;0;Rio de Janeiro;RJ;Sudeste;739;681;833;711;17225904; 16408.34;1084839;Administração, defesa, educação e saúde públicas e seguridade social;Demais serviços;Comércio e reparação de veículos automotores e motocicletas;2;0;-43.0637646;-22.8272883
São João de Meriti;0;Rio de Janeiro;RJ;Sudeste;719;646;831;693;9194527; 19968.09;472406;Demais serviços;Administração, defesa, educação e saúde públicas e seguridade social;Comércio e reparação de veículos automotores e motocicletas;1;0;-43.3699364;-22.7907664
Saquarema;0;Rio de Janeiro;RJ;Sudeste;709;621;804;714;2092721; 24569.66;89170;Demais serviços;Administração, defesa, educação e saúde públicas e seguridade social;Comércio e reparação de veículos automotores e motocicletas;2;0;-42.4866843;-22.9323820
Teresópolis;0;Rio de Janeiro;RJ;Sudeste;730;605;855;752;5085014; 28882.28;182594;Demais serviços;Administração, defesa, educação e saúde públicas e seguridade social;Comércio e reparação de veículos automotores e motocicletas;2;0;-42.9732217;-22.4178833
Três Rios;0;Rio de Janeiro;RJ;Sudeste;725;656;801;725;3714351; 46779.06;81804;Demais serviços;Indústrias de transformação;Administração, defesa, educação e saúde públicas e seguridade social;1;0;-43.2189459;-22.1170043
Volta Redonda;0;Rio de Janeiro;RJ;Sudeste;771;720;833;763;11304596; 42626.52;273012;Demais serviços;Indústrias de transformação;Administração, defesa, educação e saúde públicas e seguridade social;4;0;-44.0770134;-22.4871853
Americana;0;São Paulo;SP;Sudeste;811;760;876;800;10382873; 44396.30;239597;Demais serviços;Indústrias de transformação;Comércio e reparação de veículos automotores e motocicletas;6;0;-47.3336909;-22.7378894
Aparecida;0;São Paulo;SP;Sudeste;755;706;828;735;1048666; 28905.59;36157;Demais serviços;Administração, defesa, educação e saúde públicas e seguridade social;Comércio e reparação de veículos automotores e motocicletas;1;0;-45.2315651;-22.8468938
Araçatuba;0;São Paulo;SP;Sudeste;788;744;841;782;6970533; 35769.43;197016;Demais serviços;Comércio e reparação de veículos automotores e motocicletas;Indústrias de transformação;4;0;-50.4536793;-21.2028539
Araçoiaba da Serra;0;São Paulo;SP;Sudeste;776;723;860;751;668034; 20558.05;34146;Demais serviços;Administração, defesa, educação e saúde públicas e seguridade social;Indústrias de transformação;1;0;-47.6085697;-23.5086476
Araraquara;0;São Paulo;SP;Sudeste;815;782;877;788;9009108; 39039.34;236072;Demais serviços;Comércio e reparação de veículos automotores e motocicletas;Indústrias de transformação;3;0;-48.1786486;-21.7848272
Assis;0;São Paulo;SP;Sudeste;805;781;865;771;3303948; 32100.85;104386;Demais serviços;Comércio e reparação de veículos automotores e motocicletas;Administração, defesa, educação e saúde públicas e seguridade social;2;0;-50.4187813;-22.6604341
Atibaia;0;São Paulo;SP;Sudeste;765;670;851;786;6162799; 44119.90;142761;Demais serviços;Indústrias de transformação;Comércio e reparação de veículos automotores e motocicletas;5;0;-46.5567066;-23.1175492
Bady Bassitt;0;São Paulo;SP;Sudeste;746;701;805;737;318703; 18921.96;17502;Demais serviços;Administração, defesa, educação e saúde públicas e seguridade social;Comércio e reparação de veículos automotores e motocicletas;2;0;-49.4487934;-20.9163728
Barra Bonita;0;São Paulo;SP;Sudeste;788;739;869;762;1387795; 38198.66;36126;Demais serviços;Indústrias de transformação;Comércio e reparação de veículos automotores e motocicletas;2;131491;-48.5637543;-22.4729940
Barueri;0;São Paulo;SP;Sudeste;786;708;866;791;47553589;177747.83;274182;Demais serviços;Comércio e reparação de veículos automotores e motocicletas;Indústrias de transformação;45;10717405;-46.8729420;-23.5113691
Batatais;0;São Paulo;SP;Sudeste;761;685;840;766;1479439; 24063.75;62508;Demais serviços;Administração, defesa, educação e saúde públicas e seguridade social;Agricultura, inclusive apoio à agricultura e a pós colheita;1;0;-47.5853958;-20.8861299
Bauru;0;São Paulo;SP;Sudeste;801;752;854;800;13771753; 37051.72;376818;Demais serviços;Comércio e reparação de veículos automotores e motocicletas;Construção;15;1000;-49.0586951;-22.3144590
Birigui;0;São Paulo;SP;Sudeste;780;734;869;743;3146638; 26071.64;123638;Demais serviços;Administração, defesa, educação e saúde públicas e seguridade social;Indústrias de transformação;2;0;-50.3436312;-21.2915055
Boituva;0;São Paulo;SP;Sudeste;780;728;861;757;2696866; 46569.95;60997;Demais serviços;Indústrias de transformação;Administração, defesa, educação e saúde públicas e seguridade social;1;0;-47.6802852;-23.2959258
Botucatu;0;São Paulo;SP;Sudeste;800;746;869;790;4290669; 30100.24;146497;Demais serviços;Indústrias de transformação;Administração, defesa, educação e saúde públicas e seguridade social;4;1070937;-48.4441654;-22.8841808
Cajamar;0;São Paulo;SP;Sudeste;728;668;810;713;15003191;202962.50;76801;Comércio e reparação de veículos automotores e motocicletas;Demais serviços;Indústrias de transformação;1;0;-46.8788672;-23.3550047
Campinas;0;São Paulo;SP;Sudeste;805;731;860;829;59053563; 49942.59;1204073;Demais serviços;Comércio e reparação de veículos automotores e motocicletas;Indústrias de transformação;44;604420448;-47.0626332;-22.9099384
Carapicuíba;0;São Paulo;SP;Sudeste;749;693;842;721;5494357; 13854.10;400927;Demais serviços;Administração, defesa, educação e saúde públicas e seguridade social;Comércio e reparação de veículos automotores e motocicletas;4;0;-46.8411243;-23.5239623
Catanduva;0;São Paulo;SP;Sudeste;785;740;853;767;3974659; 32932.52;121862;Demais serviços;Indústrias de transformação;Administração, defesa, educação e saúde públicas e seguridade social;1;0;-48.9777194;-21.1312077
Cerqueira César;0;São Paulo;SP;Sudeste;729;666;821;710;753006; 38625.59;19985;Demais serviços;Indústrias de transformação;Administração, defesa, educação e saúde públicas e seguridade social;3;4142069;-46.6687592;-23.5593967
Colômbia;0;São Paulo;SP;Sudeste;710;647;802;689;358220; 57545.34;6210;Agricultura, inclusive apoio à agricultura e a pós colheita;Demais serviços;Indústrias de transformação;1;0;-48.6870478;-20.1768740
Cotia;0;São Paulo;SP;Sudeste;780;707;851;789;11573369; 48678.74;249210;Demais serviços;Indústrias de transformação;Comércio e reparação de veículos automotores e motocicletas;1;0;-46.9194693;-23.6026684
Cravinhos;0;São Paulo;SP;Sudeste;756;683;857;737;1035236; 29876.08;35292;Demais serviços;Indústrias de transformação;Administração, defesa, educação e saúde públicas e seguridade social;1;0;-47.7353635;-21.3419488
Cubatão;0;São Paulo;SP;Sudeste;737;681;821;716;12336913; 95822.18;130705;Indústrias de transformação;Demais serviços;Administração, defesa, educação e saúde públicas e seguridade social;1;0;-46.4244141;-23.8916151
Diadema;0;São Paulo;SP;Sudeste;757;716;844;717;13412703; 32097.86;423884;Demais serviços;Indústrias de transformação;Administração, defesa, educação e saúde públicas e seguridade social;1;0;-46.6203412;-23.6816587
Dracena;0;São Paulo;SP;Sudeste;776;737;842;752;1166835; 25188.56;46793;Demais serviços;Comércio e reparação de veículos automotores e motocicletas;Administração, defesa, educação e saúde públicas e seguridade social;1;0;-51.5384741;-21.4906642
Ferraz de Vasconcelos;0;São Paulo;SP;Sudeste;738;703;828;691;2989860; 15830.42;194276;Demais serviços;Indústrias de transformação;Administração, defesa, educação e saúde públicas e seguridade social;1;0;-46.3635823;-23.5289582
Franca;0;São Paulo;SP;Sudeste;780;753;842;749;9409310; 27097.66;353187;Demais serviços;Comércio e reparação de veículos automotores e motocicletas;Administração, defesa, educação e saúde públicas e seguridade social;6;0;-47.4013255;-20.5393335
Garça;0;São Paulo;SP;Sudeste;769;728;849;737;1159125; 25999.84;44390;Demais serviços;Indústrias de transformação;Administração, defesa, educação e saúde públicas e seguridade social;1;0;-49.6555394;-22.2131635
Guaratinguetá;0;São Paulo;SP;Sudeste;798;751;886;764;5277694; 43828.48;121798;Demais serviços;Indústrias de transformação;Comércio e reparação de veículos automotores e motocicletas;1;0;-45.1859219;-22.8036913
Guariba;0;São Paulo;SP;Sudeste;719;645;811;712;889457; 22680.97;40105;Demais serviços;Indústrias de transformação;Administração, defesa, educação e saúde públicas e seguridade social;1;0;-48.2282860;-21.3601633
Guarujá;0;São Paulo;SP;Sudeste;751;679;854;729;8589741; 27220.37;320459;Demais serviços;Administração, defesa, educação e saúde públicas e seguridade social;Indústrias de transformação;1;0;-46.2568678;-23.9948444
Guarulhos;0;São Paulo;SP;Sudeste;763;717;831;746;55743650; 41318.74;1379182;Demais serviços;Comércio e reparação de veículos automotores e motocicletas;Indústrias de transformação;9;31440;-46.5336521;-23.4543148
Ibiúna;0;São Paulo;SP;Sudeste;710;614;832;700;1632767; 21050.04;78878;Demais serviços;Administração, defesa, educação e saúde públicas e seguridade social;Agricultura, inclusive apoio à agricultura e a pós colheita;1;0;-47.2113267;-23.6583241
Ilhabela;0;São Paulo;SP;Sudeste;756;693;843;739;6153610;184493.91;34970;Indústrias extrativas;Demais serviços;Administração, defesa, educação e saúde públicas e seguridade social;1;160000;-45.3664809;-23.8158392
Indaiatuba;0;São Paulo;SP;Sudeste;788;738;837;791;13489932; 56301.42;251627;Demais serviços;Indústrias de transformação;Comércio e reparação de veículos automotores e motocicletas;4;732000;-47.2079557;-23.0881998
Itapecerica da Serra;0;São Paulo;SP;Sudeste;742;687;852;699;3281942; 19200.84;175693;Demais serviços;Administração, defesa, educação e saúde públicas e seguridade social;Comércio e reparação de veículos automotores e motocicletas;1;0;-46.8525874;-23.7153615
Itapetininga;0;São Paulo;SP;Sudeste;763;705;864;728;4458857; 27855.67;163901;Demais serviços;Indústrias de transformação;Administração, defesa, educação e saúde públicas e seguridade social;1;0;-48.0487846;-23.5890950
Itapeva;0;São Paulo;SP;Sudeste;732;697;803;702;2371573; 25345.44;94354;Demais serviços;Agricultura, inclusive apoio à agricultura e a pós colheita;Administração, defesa, educação e saúde públicas e seguridade social;1;0;-48.8768997;-23.9793102
Itapevi;0;São Paulo;SP;Sudeste;735;677;855;687;11597557; 50533.58;237700;Demais serviços;Indústrias de transformação;Comércio e reparação de veículos automotores e motocicletas;1;0;-46.9331962;-23.5492651
Itapira;0;São Paulo;SP;Sudeste;762;692;852;750;3457944; 46827.69;74773;Demais serviços;Indústrias de transformação;Administração, defesa, educação e saúde públicas e seguridade social;2;0;-46.8228786;-22.4362174
Itaquaquecetuba;0;São Paulo;SP;Sudeste;714;648;844;665;6932298; 19221.30;370821;Demais serviços;Administração, defesa, educação e saúde públicas e seguridade social;Indústrias de transformação;1;0;-46.3494828;-23.4849456
Itu;0;São Paulo;SP;Sudeste;773;692;854;782;7572821; 44504.91;173939;Demais serviços;Indústrias de transformação;Comércio e reparação de veículos automotores e motocicletas;2;0;-47.2996733;-23.2639992
Itupeva;0;São Paulo;SP;Sudeste;762;699;844;750;6124416;107387.50;61252;Indústrias de transformação;Demais serviços;Comércio e reparação de veículos automotores e motocicletas;1;20000000;-47.0524585;-23.1550145
Jaboticabal;0;São Paulo;SP;Sudeste;778;710;851;778;2752005; 35944.33;77263;Demais serviços;Comércio e reparação de veículos automotores e motocicletas;Administração, defesa, educação e saúde públicas e seguridade social;3;2030390;-48.3256762;-21.2525138
Jaguariúna;0;São Paulo;SP;Sudeste;784;715;862;782;11346028;209320.86;57488;Demais serviços;Indústrias de transformação;Comércio e reparação de veículos automotores e motocicletas;1;0;-46.9855088;-22.7042272
Jandira;0;São Paulo;SP;Sudeste;760;706;841;738;4028508; 33158.63;124937;Demais serviços;Indústrias de transformação;Comércio e reparação de veículos automotores e motocicletas;1;0;-46.9027629;-23.5280281
Jarinu;0;São Paulo;SP;Sudeste;733;659;826;723;2251523; 78890.07;30044;Comércio e reparação de veículos automotores e motocicletas;Demais serviços;Indústrias de transformação;1;0;-46.7284610;-23.1043447
Jaú;0;São Paulo;SP;Sudeste;778;693;886;768;4560371; 31163.28;150252;Demais serviços;Comércio e reparação de veículos automotores e motocicletas;Administração, defesa, educação e saúde públicas e seguridade social;2;0;-48.5755491;-22.3027500
Jundiaí;0;São Paulo;SP;Sudeste;822;768;866;834;41227953;100679.50;418962;Demais serviços;Comércio e reparação de veículos automotores e motocicletas;Indústrias de transformação;15;562000;-46.8978057;-23.1857076
Leme;0;São Paulo;SP;Sudeste;744;665;851;729;2978265; 29434.15;103391;Demais serviços;Indústrias de transformação;Administração, defesa, educação e saúde públicas e seguridade social;1;20000;-47.3978157;-22.1892464
Lençóis Paulista;0;São Paulo;SP;Sudeste;764;717;837;743;2569703; 38248.16;68432;Demais serviços;Indústrias de transformação;Comércio e reparação de veículos automotores e motocicletas;1;0;-48.7923120;-22.5988166
Limeira;0;São Paulo;SP;Sudeste;775;719;852;761;12154751; 40393.18;306114;Demais serviços;Indústrias de transformação;Administração, defesa, educação e saúde públicas e seguridade social;3;6206318;-47.4097539;-22.5837903
Lins;0;São Paulo;SP;Sudeste;786;733;869;762;3573980; 46402.67;78013;Indústrias de transformação;Demais serviços;Administração, defesa, educação e saúde públicas e seguridade social;1;0;-49.7597883;-21.6914280
Lorena;0;São Paulo;SP;Sudeste;766;713;856;736;2439667; 27729.79;88706;Demais serviços;Indústrias de transformação;Administração, defesa, educação e saúde públicas e seguridade social;1;0;-45.1201112;-22.7338724
Magda;0;São Paulo;SP;Sudeste;753;717;823;724;106567; 33459.05;3119;Agricultura, inclusive apoio à agricultura e a pós colheita;Demais serviços;Administração, defesa, educação e saúde públicas e seguridade social;1;478236;-50.2250411;-20.6427648
Marília;0;São Paulo;SP;Sudeste;798;776;854;768;7719607; 32816.72;238882;Demais serviços;Comércio e reparação de veículos automotores e motocicletas;Administração, defesa, educação e saúde públicas e seguridade social;6;8700000;-49.9505291;-22.2175846
Martinópolis;0;São Paulo;SP;Sudeste;721;641;832;703;462852; 17718.19;26461;Demais serviços;Administração, defesa, educação e saúde públicas e seguridade social;Comércio e reparação de veículos automotores e motocicletas;1;0;-51.1721032;-22.1495075
Mauá;0;São Paulo;SP;Sudeste;766;733;852;721;16286409; 35251.59;472912;Indústrias de transformação;Demais serviços;Administração, defesa, educação e saúde públicas e seguridade social;3;711393236;-46.4599145;-23.6665580
Mogi das Cruzes;0;São Paulo;SP;Sudeste;783;740;851;762;14470623; 33350.06;445842;Demais serviços;Indústrias de transformação;Comércio e reparação de veículos automotores e motocicletas;5;0;-46.2167465;-23.5393228
Mogi Guaçu;0;São Paulo;SP;Sudeste;774;736;852;740;5557420; 37199.26;151888;Demais serviços;Indústrias de transformação;Administração, defesa, educação e saúde públicas e seguridade social;2;0;-46.9432454;-22.3679387
Nova Odessa;0;São Paulo;SP;Sudeste;791;762;861;755;3175071; 54529.18;60174;Demais serviços;Indústrias de transformação;Comércio e reparação de veículos automotores e motocicletas;1;0;-47.3007811;-22.7853126
Olímpia;0;São Paulo;SP;Sudeste;773;724;867;737;2072343; 38350.45;54772;Demais serviços;Indústrias de transformação;Administração, defesa, educação e saúde públicas e seguridade social;2;0;-48.9110606;-20.7371116
Osasco;0;São Paulo;SP;Sudeste;776;718;840;776;77910496;111637.85;698418;Demais serviços;Comércio e reparação de veículos automotores e motocicletas;Administração, defesa, educação e saúde públicas e seguridade social;9;0;-46.7962319;-23.5372048
Ourinhos;0;São Paulo;SP;Sudeste;778;727;859;753;2999648; 26827.36;113542;Demais serviços;Administração, defesa, educação e saúde públicas e seguridade social;Comércio e reparação de veículos automotores e motocicletas;1;0;-49.8699377;-22.9798796
Panorama;0;São Paulo;SP;Sudeste;722;639;814;724;270175; 17297.86;15777;Demais serviços;Administração, defesa, educação e saúde públicas e seguridade social;Comércio e reparação de veículos automotores e motocicletas;1;0;-51.8566660;-21.3544405
Paulínia;0;São Paulo;SP;Sudeste;795;727;864;800;35346490;344847.17;109424;Indústrias de transformação;Demais serviços;Comércio e reparação de veículos automotores e motocicletas;2;0;-47.1742810;-22.7409594
Pedreira;0;São Paulo;SP;Sudeste;769;701;864;750;1128534; 24218.51;47919;Demais serviços;Indústrias de transformação;Administração, defesa, educação e saúde públicas e seguridade social;1;0;-46.8959302;-22.7411989
Piracicaba;0;São Paulo;SP;Sudeste;785;717;848;797;21896872; 55111.15;404142;Demais serviços;Indústrias de transformação;Comércio e reparação de veículos automotores e motocicletas;13;5730881;-47.6478542;-22.7355889
Pirapozinho;0;São Paulo;SP;Sudeste;776;733;863;740;962053; 35603.90;27527;Indústrias de transformação;Demais serviços;Administração, defesa, educação e saúde públicas e seguridade social;1;0;-51.5002318;-22.2756953
Pirassununga;0;São Paulo;SP;Sudeste;801;736;884;789;2605700; 34524.48;76409;Demais serviços;Indústrias de transformação;Comércio e reparação de veículos automotores e motocicletas;1;0;-47.4233503;-21.9936139
Presidente Prudente;0;São Paulo;SP;Sudeste;806;774;858;788;7806813; 34655.21;228743;Demais serviços;Comércio e reparação de veículos automotores e motocicletas;Administração, defesa, educação e saúde públicas e seguridade social;5;0;-51.3889736;-22.1373112
Quadra;0;São Paulo;SP;Sudeste;678;541;822;700;88900; 24157.62;3804;Agricultura, inclusive apoio à agricultura e a pós colheita;Demais serviços;Administração, defesa, educação e saúde públicas e seguridade social;1;0;-48.0550724;-23.2999171
Ribeirão Pires;0;São Paulo;SP;Sudeste;784;760;847;749;3046465; 25002.17;123393;Demais serviços;Indústrias de transformação;Administração, defesa, educação e saúde públicas e seguridade social;1;0;-46.4042434;-23.7081651
Ribeirão Preto;0;São Paulo;SP;Sudeste;800;739;844;820;35315843; 51759.84;703293;Demais serviços;Comércio e reparação de veículos automotores e motocicletas;Indústrias de transformação;20;9264;-47.8103238;-21.1704008
Salesópolis;0;São Paulo;SP;Sudeste;732;690;829;687;200622; 11869.00;17139;Demais serviços;Administração, defesa, educação e saúde públicas e seguridade social;Comércio e reparação de veículos automotores e motocicletas;1;0;-45.8496137;-23.5339177
Santa Albertina;0;São Paulo;SP;Sudeste;728;665;809;716;194015; 32341.25;6008;Demais serviços;Indústrias de transformação;Administração, defesa, educação e saúde públicas e seguridade social;1;0;-50.7279229;-20.0331759
Santa Bárbara d'Oeste;0;São Paulo;SP;Sudeste;781;731;867;752;5494890; 28635.77;193475;Demais serviços;Indústrias de transformação;Administração, defesa, educação e saúde públicas e seguridade social;1;0;-47.4147585;-22.7557422
Santana de Parnaíba;0;São Paulo;SP;Sudeste;814;725;849;876;8583623; 65083.16;139447;Demais serviços;Indústrias de transformação;Comércio e reparação de veículos automotores e motocicletas;2;0;-46.9226637;-23.4430047
Santo André;0;São Paulo;SP;Sudeste;815;769;861;819;27470680; 38408.12;718773;Demais serviços;Indústrias de transformação;Comércio e reparação de veículos automotores e motocicletas;12;247000;-46.5436003;-23.6742228
Santos;0;São Paulo;SP;Sudeste;840;807;852;861;22532672; 51829.99;433311;Demais serviços;Comércio e reparação de veículos automotores e motocicletas;Administração, defesa, educação e saúde públicas e seguridade social;6;0;-46.3367247;-23.9475247
São Bernardo do Campo;0;São Paulo;SP;Sudeste;805;752;861;807;44680389; 53998.54;838936;Demais serviços;Indústrias de transformação;Comércio e reparação de veículos automotores e motocicletas;13;0;-46.5648481;-23.6898429
São Caetano do Sul;0;São Paulo;SP;Sudeste;862;811;887;891;13106959; 82119.69;161127;Demais serviços;Indústrias de transformação;Comércio e reparação de veículos automotores e motocicletas;17;19000000;-46.5552433;-23.6233625
São Carlos;0;São Paulo;SP;Sudeste;805;766;863;788;10475655; 42568.73;251983;Demais serviços;Indústrias de transformação;Administração, defesa, educação e saúde públicas e seguridade social;11;4107528;-47.8909263;-22.0087082
São José do Rio Preto;0;São Paulo;SP;Sudeste;797;748;846;801;16493968; 36599.83;460671;Demais serviços;Comércio e reparação de veículos automotores e motocicletas;Administração, defesa, educação e saúde públicas e seguridade social;15;0;-49.3765210;-20.8127115
São José dos Campos;0;São Paulo;SP;Sudeste;807;764;855;804;39829404; 56638.69;721944;Indústrias de transformação;Demais serviços;Comércio e reparação de veículos automotores e motocicletas;49;7534484;-45.9009074;-23.2237010
São Paulo;1;São Paulo;SP;Sudeste;805;725;855;843;699288352; 57759.39;12252023;Demais serviços;Comércio e reparação de veículos automotores e motocicletas;Administração, defesa, educação e saúde públicas e seguridade social;2152;5479256976;-46.6333094;-23.5505199
São Pedro;0;São Paulo;SP;Sudeste;755;674;863;741;741439; 21245.90;35653;Demais serviços;Administração, defesa, educação e saúde públicas e seguridade social;Comércio e reparação de veículos automotores e motocicletas;1;0;-47.9058019;-22.5508681
Sertãozinho;0;São Paulo;SP;Sudeste;761;672;855;768;5362996; 43728.51;125815;Demais serviços;Indústrias de transformação;Comércio e reparação de veículos automotores e motocicletas;1;0;-47.9901370;-21.1379949
Sorocaba;0;São Paulo;SP;Sudeste;798;762;843;792;31852858; 48271.34;679378;Demais serviços;Indústrias de transformação;Comércio e reparação de veículos automotores e motocicletas;30;1341237;-47.4525603;-23.5015299
Sumaré;0;São Paulo;SP;Sudeste;762;705;845;744;13744576; 50345.14;282441;Demais serviços;Indústrias de transformação;Comércio e reparação de veículos automotores e motocicletas;4;2300090;-46.6851971;-23.5444153
Suzano;0;São Paulo;SP;Sudeste;765;723;873;708;10761082; 37009.04;297637;Indústrias de transformação;Demais serviços;Administração, defesa, educação e saúde públicas e seguridade social;2;0;-46.3116250;-23.5453209
Taboão da Serra;0;São Paulo;SP;Sudeste;769;710;863;742;8843886; 31626.65;289664;Demais serviços;Indústrias de transformação;Comércio e reparação de veículos automotores e motocicletas;5;5489729;-46.7816647;-23.6228759
Taquaral;0;São Paulo;SP;Sudeste;759;716;823;742;38032; 13472.17;2811;Administração, defesa, educação e saúde públicas e seguridade social;Demais serviços;Agricultura, inclusive apoio à agricultura e a pós colheita;1;0;-48.4144819;-21.0732440
Taubaté;0;São Paulo;SP;Sudeste;800;746;883;778;16799723; 54552.88;314924;Demais serviços;Indústrias de transformação;Administração, defesa, educação e saúde públicas e seguridade social;7;49994;-45.5486715;-23.0225753
Valinhos;0;São Paulo;SP;Sudeste;819;763;850;848;5734500; 46237.02;129193;Demais serviços;Indústrias de transformação;Comércio e reparação de veículos automotores e motocicletas;5;1349428;-46.9945643;-22.9680841
Vargem Grande Paulista;0;São Paulo;SP;Sudeste;770;683;884;755;1805301; 35857.88;52597;Demais serviços;Comércio e reparação de veículos automotores e motocicletas;Indústrias de transformação;1;0;-47.0224881;-23.5998291
Vinhedo;0;São Paulo;SP;Sudeste;817;739;878;840;8729936;116199.28;78728;Indústrias de transformação;Demais serviços;Comércio e reparação de veículos automotores e motocicletas;3;0;-46.9818353;-23.0264868
Votuporanga;0;São Paulo;SP;Sudeste;790;744;857;772;2808057; 30269.67;94547;Demais serviços;Indústrias de transformação;Comércio e reparação de veículos automotores e motocicletas;1;0;-49.9702752;-20.4173291
Apucarana;0;Paraná;PR;Sul;748;668;845;741;3167647; 23872.36;134996;Demais serviços;Administração, defesa, educação e saúde públicas e seguridade social;Indústrias de transformação;1;0;-51.4588028;-23.5536957
Araucária;0;Paraná;PR;Sul;740;639;852;743;16972345;123478.34;143843;Indústrias de transformação;Demais serviços;Comércio e reparação de veículos automotores e motocicletas;3;0;-49.4052251;-25.5864310
Campo Largo;0;Paraná;PR;Sul;745;664;854;730;4151593; 32610.37;132002;Demais serviços;Indústrias de transformação;Administração, defesa, educação e saúde públicas e seguridade social;3;0;-49.5273149;-25.4596855
Cascavel;0;Paraná;PR;Sul;782;728;846;776;11374861; 35590.04;328454;Demais serviços;Comércio e reparação de veículos automotores e motocicletas;Administração, defesa, educação e saúde públicas e seguridade social;8;0;-53.4595112;-24.9577771
Castro;0;Paraná;PR;Sul;703;600;823;704;2658989; 37188.13;71484;Demais serviços;Indústrias de transformação;Administração, defesa, educação e saúde públicas e seguridade social;1;0;-49.9982361;-24.8054741
Cianorte;0;Paraná;PR;Sul;755;685;841;747;2716202; 34135.58;82620;Demais serviços;Indústrias de transformação;Administração, defesa, educação e saúde públicas e seguridade social;1;0;-52.6119350;-23.6628906
Colombo;0;Paraná;PR;Sul;733;632;870;715;4733738; 19939.76;243726;Demais serviços;Administração, defesa, educação e saúde públicas e seguridade social;Comércio e reparação de veículos automotores e motocicletas;1;0;-49.2269425;-25.2919692
Curitiba;1;Paraná;PR;Sul;823;768;855;850;84702357; 44384.92;1933105;Demais serviços;Comércio e reparação de veículos automotores e motocicletas;Administração, defesa, educação e saúde públicas e seguridade social;296;120394489;-49.3044253;-25.4808762
Dois Vizinhos;0;Paraná;PR;Sul;767;711;850;747;1509718; 37879.33;40641;Demais serviços;Indústrias de transformação;Administração, defesa, educação e saúde públicas e seguridade social;3;30841;-53.0615734;-25.7464549
Fazenda Rio Grande;0;Paraná;PR;Sul;720;617;847;713;2381558; 25009.80;100209;Demais serviços;Administração, defesa, educação e saúde públicas e seguridade social;Indústrias de transformação;1;0;-49.3075890;-25.6636224
Foz do Iguaçu;0;Paraná;PR;Sul;751;661;858;748;13463838; 50990.89;258532;Eletricidade e gás, água, esgoto, atividades de gestão de resíduos e descontaminação;Demais serviços;Administração, defesa, educação e saúde públicas e seguridade social;10;0;-54.5853764;-25.5163356
Francisco Beltrão;0;Paraná;PR;Sul;774;726;844;758;3069186; 34693.79;91093;Demais serviços;Indústrias de transformação;Comércio e reparação de veículos automotores e motocicletas;4;0;-53.0519900;-26.0779448
Guarapuava;0;Paraná;PR;Sul;731;628;853;730;5606255; 31083.01;181504;Demais serviços;Comércio e reparação de veículos automotores e motocicletas;Administração, defesa, educação e saúde públicas e seguridade social;1;0;-51.4628097;-25.3907214
Ipiranga;0;Paraná;PR;Sul;652;489;828;684;475891; 31434.76;15172;Agricultura, inclusive apoio à agricultura e a pós colheita;Demais serviços;Administração, defesa, educação e saúde públicas e seguridade social;2;0;-50.5835338;-25.0253304
Itambaracá;0;Paraná;PR;Sul;694;639;789;664;136563; 20026.78;6582;Agricultura, inclusive apoio à agricultura e a pós colheita;Demais serviços;Administração, defesa, educação e saúde públicas e seguridade social;1;0;-50.4017553;-23.0136406
Jacarezinho;0;Paraná;PR;Sul;743;663;844;734;1178814; 29277.85;39378;Demais serviços;Indústrias de transformação;Administração, defesa, educação e saúde públicas e seguridade social;2;0;-49.9777202;-23.1579390
Londrina;0;Paraná;PR;Sul;778;712;837;789;19235188; 34444.56;569733;Demais serviços;Comércio e reparação de veículos automotores e motocicletas;Administração, defesa, educação e saúde públicas e seguridade social;36;130389;-51.1695824;-23.3044524
Marechal Cândido Rondon;0;Paraná;PR;Sul;774;704;842;782;2199044; 42456.68;52944;Demais serviços;Indústrias de transformação;Administração, defesa, educação e saúde públicas e seguridade social;4;0;-54.0591904;-24.5641645
Maringá;0;Paraná;PR;Sul;808;768;852;806;16906177; 41569.88;423666;Demais serviços;Comércio e reparação de veículos automotores e motocicletas;Administração, defesa, educação e saúde públicas e seguridade social;29;97640;-51.9330558;-23.4209995
Marumbi;0;Paraná;PR;Sul;721;643;826;705;75168; 15774.94;4679;Administração, defesa, educação e saúde públicas e seguridade social;Agricultura, inclusive apoio à agricultura e a pós colheita;Demais serviços;1;0;-51.6408616;-23.7062415
Nossa Senhora das Graças;0;Paraná;PR;Sul;709;631;832;679;73089; 17936.04;4008;Agricultura, inclusive apoio à agricultura e a pós colheita;Administração, defesa, educação e saúde públicas e seguridade social;Demais serviços;2;0;-51.7889062;-22.9114615
Palmas;0;Paraná;PR;Sul;660;505;827;687;1103453; 22524.05;50986;Demais serviços;Administração, defesa, educação e saúde públicas e seguridade social;Indústrias de transformação;1;0;-51.9958370;-26.4788009
Pato Branco;0;Paraná;PR;Sul;782;728;845;778;3598922; 44590.78;82881;Demais serviços;Indústrias de transformação;Comércio e reparação de veículos automotores e motocicletas;8;0;-52.6711356;-26.2297202
Pinhais;0;Paraná;PR;Sul;751;666;836;761;5593790; 43213.64;132157;Demais serviços;Comércio e reparação de veículos automotores e motocicletas;Indústrias de transformação;7;0;-49.1931448;-25.4434411
Piraquara;0;Paraná;PR;Sul;700;574;869;689;1222237; 11343.16;113036;Administração, defesa, educação e saúde públicas e seguridade social;Demais serviços;Comércio e reparação de veículos automotores e motocicletas;3;0;-49.0628847;-25.4426635
Ponta Grossa;0;Paraná;PR;Sul;763;703;837;755;14533645; 42208.23;351736;Demais serviços;Indústrias de transformação;Comércio e reparação de veículos automotores e motocicletas;8;0;-50.1545956;-25.0949322
Rolândia;0;Paraná;PR;Sul;739;661;821;744;2599072; 40154.99;66580;Indústrias de transformação;Demais serviços;Administração, defesa, educação e saúde públicas e seguridade social;1;0;-51.3768221;-23.3160342
Santo Antônio da Platina;0;Paraná;PR;Sul;718;617;817;733;1141374; 24910.49;45993;Demais serviços;Administração, defesa, educação e saúde públicas e seguridade social;Comércio e reparação de veículos automotores e motocicletas;1;0;-50.0726882;-23.2980974
São José dos Pinhais;0;Paraná;PR;Sul;758;678;859;749;22581192; 73427.61;323340;Demais serviços;Indústrias de transformação;Comércio e reparação de veículos automotores e motocicletas;9;0;-49.2035722;-25.5318354
Umuarama;0;Paraná;PR;Sul;761;698;836;755;3284406; 29870.46;111557;Demais serviços;Comércio e reparação de veículos automotores e motocicletas;Administração, defesa, educação e saúde públicas e seguridade social;1;0;-53.3206105;-23.7661064
Antônio Carlos;0;Santa Catarina;SC;Sul;749;615;890;768;577385; 69338.86;8513;Demais serviços;Indústrias de transformação;Agricultura, inclusive apoio à agricultura e a pós colheita;1;0;-48.7684179;-27.5179042
Araranguá;0;Santa Catarina;SC;Sul;760;691;853;745;1724538; 25697.19;68228;Demais serviços;Comércio e reparação de veículos automotores e motocicletas;Administração, defesa, educação e saúde públicas e seguridade social;1;0;-49.4923013;-28.9361187
Balneário Camboriú;0;Santa Catarina;SC;Sul;845;789;894;854;5148510; 38061.55;142295;Demais serviços;Comércio e reparação de veículos automotores e motocicletas;Administração, defesa, educação e saúde públicas e seguridade social;6;0;-48.6379041;-27.0015966
Blumenau;0;Santa Catarina;SC;Sul;806;722;894;812;16008744; 45934.42;357199;Demais serviços;Indústrias de transformação;Comércio e reparação de veículos automotores e motocicletas;30;1807385;-49.0717331;-26.9165792
Braço do Norte;0;Santa Catarina;SC;Sul;778;716;881;746;1134369; 34745.45;33450;Demais serviços;Indústrias de transformação;Administração, defesa, educação e saúde públicas e seguridade social;1;0;-49.1575402;-28.2793737
Brusque;0;Santa Catarina;SC;Sul;795;707;894;794;5883938; 45676.36;134723;Demais serviços;Indústrias de transformação;Administração, defesa, educação e saúde públicas e seguridade social;3;1637867;-48.9111422;-27.0982053
Caçador;0;Santa Catarina;SC;Sul;735;620;878;728;3073698; 39751.41;78595;Indústrias de transformação;Demais serviços;Administração, defesa, educação e saúde públicas e seguridade social;2;0;-51.0124989;-26.7761609
Camboriú;0;Santa Catarina;SC;Sul;726;600;866;736;1350594; 17154.54;82989;Demais serviços;Administração, defesa, educação e saúde públicas e seguridade social;Comércio e reparação de veículos automotores e motocicletas;1;0;-48.6508147;-27.0245779
Chapecó;0;Santa Catarina;SC;Sul;790;727;871;779;8890178; 41683.33;220367;Demais serviços;Indústrias de transformação;Comércio e reparação de veículos automotores e motocicletas;6;0;-52.6156990;-27.1009343
Concórdia;0;Santa Catarina;SC;Sul;800;756;872;777;3178922; 43094.67;74641;Demais serviços;Indústrias de transformação;Comércio e reparação de veículos automotores e motocicletas;1;0;-52.0275531;-27.2331134
Criciúma;0;Santa Catarina;SC;Sul;788;737;846;786;7146731; 33811.63;215186;Demais serviços;Indústrias de transformação;Administração, defesa, educação e saúde públicas e seguridade social;6;0;-49.3733541;-28.6726329
Florianópolis;1;Santa Catarina;SC;Sul;847;800;873;870;19512519; 40162.60;500973;Demais serviços;Administração, defesa, educação e saúde públicas e seguridade social;Comércio e reparação de veículos automotores e motocicletas;197;47139661;-48.5482195;-27.5948698
Garopaba;0;Santa Catarina;SC;Sul;753;668;868;737;534079; 24186.15;23078;Demais serviços;Administração, defesa, educação e saúde públicas e seguridade social;Comércio e reparação de veículos automotores e motocicletas;1;0;-48.6189508;-28.0272534
Içara;0;Santa Catarina;SC;Sul;741;645;861;732;2101908; 38324.51;56421;Demais serviços;Indústrias de transformação;Comércio e reparação de veículos automotores e motocicletas;1;0;-49.3091437;-28.7137096
Imbituba;0;Santa Catarina;SC;Sul;765;703;868;734;1547410; 35107.78;44853;Demais serviços;Comércio e reparação de veículos automotores e motocicletas;Administração, defesa, educação e saúde públicas e seguridade social;1;0;-48.6691286;-28.2276270
Indaial;0;Santa Catarina;SC;Sul;777;701;873;767;2499704; 37591.23;69425;Indústrias de transformação;Demais serviços;Administração, defesa, educação e saúde públicas e seguridade social;2;898391;-49.2358981;-26.8997445
Itá;0;Santa Catarina;SC;Sul;771;698;879;747;240134; 38268.38;6169;Demais serviços;Indústrias de transformação;Administração, defesa, educação e saúde públicas e seguridade social;8;1460970;-52.3267979;-27.2771065
Itajaí;0;Santa Catarina;SC;Sul;795;730;884;778;21913882;103068.37;219536;Comércio e reparação de veículos automotores e motocicletas;Demais serviços;Indústrias de transformação;9;0;-48.6709514;-26.9105964
Jaraguá do Sul;0;Santa Catarina;SC;Sul;803;755;865;793;8528976; 49925.22;177697;Indústrias de transformação;Demais serviços;Administração, defesa, educação e saúde públicas e seguridade social;7;0;-49.0734770;-26.4822209
Joaçaba;0;Santa Catarina;SC;Sul;827;771;891;823;1576907; 53259.48;30118;Demais serviços;Indústrias de transformação;Comércio e reparação de veículos automotores e motocicletas;1;0;-51.5054475;-27.1743773
Joinville;0;Santa Catarina;SC;Sul;809;749;889;795;27378205; 47442.90;590466;Demais serviços;Indústrias de transformação;Comércio e reparação de veículos automotores e motocicletas;52;42050214;-48.8452269;-26.2834213
Lages;0;Santa Catarina;SC;Sul;770;697;867;755;5074152; 32011.96;157544;Demais serviços;Indústrias de transformação;Administração, defesa, educação e saúde públicas e seguridade social;10;40000;-50.3263560;-27.8154629
Luzerna;0;Santa Catarina;SC;Sul;789;718;877;781;158845; 27843.14;5685;Demais serviços;Indústrias de transformação;Administração, defesa, educação e saúde públicas e seguridade social;2;0;-51.4683568;-27.1310356
Mafra;0;Santa Catarina;SC;Sul;777;723;880;738;1659985; 29691.89;56292;Demais serviços;Administração, defesa, educação e saúde públicas e seguridade social;Comércio e reparação de veículos automotores e motocicletas;2;0;-49.8091065;-26.1164276
Massaranduba;0;Santa Catarina;SC;Sul;774;714;867;749;588956; 35791.94;16916;Indústrias de transformação;Demais serviços;Agricultura, inclusive apoio à agricultura e a pós colheita;1;0;-48.9807651;-26.6195818
Palhoça;0;Santa Catarina;SC;Sul;757;672;859;752;4832015; 29298.08;171797;Demais serviços;Comércio e reparação de veículos automotores e motocicletas;Administração, defesa, educação e saúde públicas e seguridade social;10;0;-48.6701406;-27.6460201
Pinhalzinho;0;Santa Catarina;SC;Sul;783;716;886;758;1019308; 52242.72;20313;Indústrias de transformação;Demais serviços;Comércio e reparação de veículos automotores e motocicletas;1;0;-52.9872109;-26.8525857
Porto Belo;0;Santa Catarina;SC;Sul;760;660;886;750;944823; 46556.77;21388;Comércio e reparação de veículos automotores e motocicletas;Demais serviços;Administração, defesa, educação e saúde públicas e seguridade social;1;0;-48.5757024;-27.1574690
Porto União;0;Santa Catarina;SC;Sul;786;724;891;752;702997; 19967.54;35398;Demais serviços;Administração, defesa, educação e saúde públicas e seguridade social;Indústrias de transformação;1;0;-51.0817102;-26.2389124
Rio do Sul;0;Santa Catarina;SC;Sul;802;727;894;793;2571376; 37165.06;71061;Demais serviços;Indústrias de transformação;Comércio e reparação de veículos automotores e motocicletas;5;0;-49.6435018;-27.2160932
Rio Negrinho;0;Santa Catarina;SC;Sul;738;668;848;710;1092305; 25989.31;42302;Demais serviços;Indústrias de transformação;Administração, defesa, educação e saúde públicas e seguridade social;2;0;-49.5180670;-26.2499033
Santo Amaro da Imperatriz;0;Santa Catarina;SC;Sul;781;710;890;753;753610; 33332.32;23245;Eletricidade e gás, água, esgoto, atividades de gestão de resíduos e descontaminação;Demais serviços;Administração, defesa, educação e saúde públicas e seguridade social;1;0;-48.7817857;-27.6856839
São José;0;Santa Catarina;SC;Sul;809;752;880;799;10131013; 42262.21;246586;Demais serviços;Comércio e reparação de veículos automotores e motocicletas;Administração, defesa, educação e saúde públicas e seguridade social;6;500000;-48.6370861;-27.6140791
São Lourenço do Oeste;0;Santa Catarina;SC;Sul;749;695;807;748;839374; 35419.61;24076;Demais serviços;Indústrias de transformação;Administração, defesa, educação e saúde públicas e seguridade social;2;0;-52.8527323;-26.3544977
Taió;0;Santa Catarina;SC;Sul;761;670;879;749;573530; 31407.39;18395;Demais serviços;Indústrias de transformação;Administração, defesa, educação e saúde públicas e seguridade social;1;0;-49.9961505;-27.1159847
Timbó;0;Santa Catarina;SC;Sul;784;697;856;807;1832021; 42803.22;44238;Indústrias de transformação;Demais serviços;Administração, defesa, educação e saúde públicas e seguridade social;1;0;-49.2638678;-26.7958795
Tubarão;0;Santa Catarina;SC;Sul;796;740;866;788;3514932; 33649.56;105686;Demais serviços;Comércio e reparação de veículos automotores e motocicletas;Administração, defesa, educação e saúde públicas e seguridade social;4;0;-49.0058727;-28.4818875
Videira;0;Santa Catarina;SC;Sul;764;675;857;772;2205750; 42364.49;53065;Demais serviços;Indústrias de transformação;Comércio e reparação de veículos automotores e motocicletas;1;0;-51.1543950;-27.0052075
Xanxerê;0;Santa Catarina;SC;Sul;775;711;861;760;1603411; 32237.14;50982;Demais serviços;Comércio e reparação de veículos automotores e motocicletas;Administração, defesa, educação e saúde públicas e seguridade social;1;0;-52.4040853;-26.8751803
Bento Gonçalves;0;Rio Grande do Sul;RS;Sul;778;695;842;805;5531266; 48069.12;120454;Demais serviços;Indústrias de transformação;Administração, defesa, educação e saúde públicas e seguridade social;2;798849;-51.5169861;-29.1667089
Cachoeira do Sul;0;Rio Grande do Sul;RS;Sul;742;648;854;739;2298800; 26888.12;82201;Demais serviços;Agricultura, inclusive apoio à agricultura e a pós colheita;Administração, defesa, educação e saúde públicas e seguridade social;1;0;-52.9176936;-30.0218463
Cachoeirinha;0;Rio Grande do Sul;RS;Sul;757;675;857;749;4960250; 38959.54;130293;Demais serviços;Comércio e reparação de veículos automotores e motocicletas;Indústrias de transformação;2;0;-51.1021166;-29.9477228
Campo Bom;0;Rio Grande do Sul;RS;Sul;745;643;852;755;2815006; 43365.16;66712;Indústrias de transformação;Demais serviços;Administração, defesa, educação e saúde públicas e seguridade social;7;0;-51.0611099;-29.6751942
Canoas;0;Rio Grande do Sul;RS;Sul;750;636;864;768;18947513; 55103.53;346616;Indústrias de transformação;Demais serviços;Comércio e reparação de veículos automotores e motocicletas;10;0;-51.1585398;-29.9188183
Caxias do Sul;0;Rio Grande do Sul;RS;Sul;782;686;860;812;21717020; 44927.71;510906;Demais serviços;Indústrias de transformação;Comércio e reparação de veículos automotores e motocicletas;27;73041;-51.1796683;-29.1634031
Cruz Alta;0;Rio Grande do Sul;RS;Sul;750;653;858;754;3188890; 50248.02;60299;Comércio e reparação de veículos automotores e motocicletas;Demais serviços;Administração, defesa, educação e saúde públicas e seguridade social;1;0;-53.6068646;-28.6789282
Dois Irmãos;0;Rio Grande do Sul;RS;Sul;743;633;848;763;1688574; 54907.61;32671;Indústrias de transformação;Demais serviços;Comércio e reparação de veículos automotores e motocicletas;1;0;-51.0853913;-29.5898407
Erechim;0;Rio Grande do Sul;RS;Sul;776;716;833;782;4484452; 43354.43;105862;Demais serviços;Indústrias de transformação;Comércio e reparação de veículos automotores e motocicletas;3;0;-52.2737365;-27.6349085
Esteio;0;Rio Grande do Sul;RS;Sul;754;662;843;769;3183305; 37789.87;83202;Demais serviços;Comércio e reparação de veículos automotores e motocicletas;Indústrias de transformação;4;0;-51.1845758;-29.8524632
Farroupilha;0;Rio Grande do Sul;RS;Sul;777;696;861;783;3161847; 45466.72;72331;Demais serviços;Indústrias de transformação;Administração, defesa, educação e saúde públicas e seguridade social;2;0;-51.3423619;-29.2231867
Flores da Cunha;0;Rio Grande do Sul;RS;Sul;754;642;849;786;1481282; 50038.24;30745;Indústrias de transformação;Demais serviços;Administração, defesa, educação e saúde públicas e seguridade social;2;0;-51.1814301;-29.0293699
Frederico Westphalen;0;Rio Grande do Sul;RS;Sul;760;688;846;754;1050979; 34087.29;31313;Demais serviços;Comércio e reparação de veículos automotores e motocicletas;Administração, defesa, educação e saúde públicas e seguridade social;1;0;-53.3963199;-27.3607338
Garibaldi;0;Rio Grande do Sul;RS;Sul;786;688;856;825;1812742; 53912.14;35070;Indústrias de transformação;Demais serviços;Administração, defesa, educação e saúde públicas e seguridade social;1;0;-51.5231114;-29.2575728
Gramado;0;Rio Grande do Sul;RS;Sul;764;662;861;783;1720061; 49078.69;36232;Demais serviços;Administração, defesa, educação e saúde públicas e seguridade social;Comércio e reparação de veículos automotores e motocicletas;2;26252;-50.8764350;-29.3745686
Gravataí;0;Rio Grande do Sul;RS;Sul;736;636;862;727;12406079; 45089.08;281519;Indústrias de transformação;Demais serviços;Administração, defesa, educação e saúde públicas e seguridade social;9;21541;-50.9907877;-29.9422890
Guaíba;0;Rio Grande do Sul;RS;Sul;730;639;833;732;5629242; 56669.84;98143;Indústrias de transformação;Demais serviços;Comércio e reparação de veículos automotores e motocicletas;1;0;-51.3196503;-30.1079519
Horizontina;0;Rio Grande do Sul;RS;Sul;783;716;858;782;1583978; 81910.12;19329;Indústrias de transformação;Demais serviços;Administração, defesa, educação e saúde públicas e seguridade social;1;0;-54.3110027;-27.6289678
Ibiaçá;0;Rio Grande do Sul;RS;Sul;739;593;888;766;192692; 39763.14;4709;Agricultura, inclusive apoio à agricultura e a pós colheita;Demais serviços;Comércio e reparação de veículos automotores e motocicletas;1;0;-51.7889062;-28.1194224
Ijuí;0;Rio Grande do Sul;RS;Sul;781;707;858;786;3194967; 38341.14;83475;Demais serviços;Comércio e reparação de veículos automotores e motocicletas;Administração, defesa, educação e saúde públicas e seguridade social;4;12424;-53.9204851;-28.3885333
Lajeado;0;Rio Grande do Sul;RS;Sul;778;704;840;796;3662790; 45888.70;84014;Demais serviços;Comércio e reparação de veículos automotores e motocicletas;Indústrias de transformação;4;0;-51.9649421;-29.4595820
Marau;0;Rio Grande do Sul;RS;Sul;774;699;857;773;1891799; 46075.14;44161;Demais serviços;Indústrias de transformação;Administração, defesa, educação e saúde públicas e seguridade social;1;0;-52.2098029;-28.4381856
Montenegro;0;Rio Grande do Sul;RS;Sul;755;654;866;761;3301681; 51695.39;65264;Indústrias de transformação;Demais serviços;Administração, defesa, educação e saúde públicas e seguridade social;3;783806;-51.4680471;-29.6816904
Nova Bassano;0;Rio Grande do Sul;RS;Sul;747;632;849;778;490525; 51101.73;9916;Indústrias de transformação;Demais serviços;Construção;1;0;-51.7076459;-28.7296775
Nova Prata;0;Rio Grande do Sul;RS;Sul;766;686;839;782;1199908; 46946.58;27257;Demais serviços;Indústrias de transformação;Administração, defesa, educação e saúde públicas e seguridade social;1;0;-51.6077771;-28.7840394
Novo Hamburgo;0;Rio Grande do Sul;RS;Sul;747;629;852;778;8736151; 35013.51;246748;Demais serviços;Indústrias de transformação;Comércio e reparação de veículos automotores e motocicletas;12;205036;-51.1333376;-29.6880479
Passo Fundo;0;Rio Grande do Sul;RS;Sul;776;699;849;787;8584861; 43183.62;203275;Demais serviços;Comércio e reparação de veículos automotores e motocicletas;Administração, defesa, educação e saúde públicas e seguridade social;5;0;-52.4102795;-28.2622601
Pelotas;0;Rio Grande do Sul;RS;Sul;739;632;844;758;8573355; 24894.68;342405;Demais serviços;Administração, defesa, educação e saúde públicas e seguridade social;Comércio e reparação de veículos automotores e motocicletas;15;1048435;-52.3375886;-31.7653989
Porto Alegre;1;Rio Grande do Sul;RS;Sul;805;702;857;867;73862306; 49740.90;1483771;Demais serviços;Comércio e reparação de veículos automotores e motocicletas;Administração, defesa, educação e saúde públicas e seguridade social;318;14134911;-51.2176584;-30.0346471
Restinga Sêca;0;Rio Grande do Sul;RS;Sul;683;542;828;709;426060; 26114.63;15789;Agricultura, inclusive apoio à agricultura e a pós colheita;Demais serviços;Administração, defesa, educação e saúde públicas e seguridade social;1;0;-53.3741310;-29.8209925
Rio Grande;0;Rio Grande do Sul;RS;Sul;744;637;861;752;9215701; 44014.66;211005;Demais serviços;Indústrias de transformação;Comércio e reparação de veículos automotores e motocicletas;3;12179;-52.1014450;-32.0395116
Santa Cruz do Sul;0;Rio Grande do Sul;RS;Sul;773;693;852;782;8238767; 64653.78;130416;Demais serviços;Indústrias de transformação;Comércio e reparação de veículos automotores e motocicletas;2;0;-52.4348382;-29.7225160
Santa Maria;0;Rio Grande do Sul;RS;Sul;784;715;848;795;7152149; 25686.04;282123;Demais serviços;Administração, defesa, educação e saúde públicas e seguridade social;Comércio e reparação de veículos automotores e motocicletas;15;653121;-53.8129003;-29.6876340
Santa Rosa;0;Rio Grande do Sul;RS;Sul;769;693;871;752;2810212; 38626.76;73254;Demais serviços;Indústrias de transformação;Comércio e reparação de veículos automotores e motocicletas;3;0;-54.4797002;-27.8700173
Santiago;0;Rio Grande do Sul;RS;Sul;766;682;882;746;1271105; 25091.89;49425;Demais serviços;Comércio e reparação de veículos automotores e motocicletas;Administração, defesa, educação e saúde públicas e seguridade social;1;0;-54.8788745;-29.1772764
São Leopoldo;0;Rio Grande do Sul;RS;Sul;739;612;861;766;7829272; 33905.58;236835;Demais serviços;Indústrias de transformação;Administração, defesa, educação e saúde públicas e seguridade social;41;6267265;-51.1502830;-29.7549941
Sapiranga;0;Rio Grande do Sul;RS;Sul;711;598;832;722;3286119; 40917.42;81734;Indústrias de transformação;Demais serviços;Administração, defesa, educação e saúde públicas e seguridade social;1;0;-51.0069543;-29.6353852
Seberi;0;Rio Grande do Sul;RS;Sul;723;620;865;706;316080; 28363.28;10750;Demais serviços;Administração, defesa, educação e saúde públicas e seguridade social;Comércio e reparação de veículos automotores e motocicletas;1;0;-53.4032863;-27.4837561
Taquara;0;Rio Grande do Sul;RS;Sul;727;579;880;754;1256709; 21839.10;57466;Demais serviços;Administração, defesa, educação e saúde públicas e seguridade social;Comércio e reparação de veículos automotores e motocicletas;1;0;-50.7416707;-29.6557164
Torres;0;Rio Grande do Sul;RS;Sul;762;685;862;750;1162766; 30954.27;38732;Demais serviços;Administração, defesa, educação e saúde públicas e seguridade social;Comércio e reparação de veículos automotores e motocicletas;1;0;-49.7933279;-29.3567486
Três de Maio;0;Rio Grande do Sul;RS;Sul;759;694;834;756;946236; 38626.61;23906;Demais serviços;Comércio e reparação de veículos automotores e motocicletas;Administração, defesa, educação e saúde públicas e seguridade social;1;0;-54.2344607;-27.7841041
Viamão;0;Rio Grande do Sul;RS;Sul;717;591;866;720;3564507; 14049.15;255224;Demais serviços;Administração, defesa, educação e saúde públicas e seguridade social;Comércio e reparação de veículos automotores e motocicletas;4;0;-51.0969571;-30.0722165
Aquidauana;0;Mato Grosso do Sul;MS;Centro-oeste;688;562;840;690;917889; 19331.31;47871;Demais serviços;Administração, defesa, educação e saúde públicas e seguridade social;Pecuária, inclusive apoio à pecuária;1;0;-55.7850959;-20.4652600
Campo Grande;1;Mato Grosso do Sul;MS;Centro-oeste;784;724;844;790;27034851; 30924.89;895982;Demais serviços;Administração, defesa, educação e saúde públicas e seguridade social;Comércio e reparação de veículos automotores e motocicletas;14;0;-54.6201211;-20.4697105
Costa Rica;0;Mato Grosso do Sul;MS;Centro-oeste;706;606;811;717;1481953; 73513.20;20823;Agricultura, inclusive apoio à agricultura e a pós colheita;Indústrias de transformação;Demais serviços;3;25000;-53.1437427;-18.5305058
Dourados;0;Mato Grosso do Sul;MS;Centro-oeste;747;657;843;753;8327408; 38187.03;222949;Demais serviços;Administração, defesa, educação e saúde públicas e seguridade social;Comércio e reparação de veículos automotores e motocicletas;2;0;-54.8125486;-22.2235610
Miranda;0;Mato Grosso do Sul;MS;Centro-oeste;632;507;782;638;500830; 18195.48;28013;Administração, defesa, educação e saúde públicas e seguridade social;Demais serviços;Pecuária, inclusive apoio à pecuária;2;0;-56.3808974;-20.2547154
Barra do Garças;0;Mato Grosso;MT;Centro-oeste;748;693;817;738;1754165; 29744.71;61012;Demais serviços;Administração, defesa, educação e saúde públicas e seguridade social;Comércio e reparação de veículos automotores e motocicletas;2;0;-52.2618826;-15.8916202
Cáceres;0;Mato Grosso;MT;Centro-oeste;708;633;813;691;1816006; 19896.86;94376;Demais serviços;Administração, defesa, educação e saúde públicas e seguridade social;Comércio e reparação de veículos automotores e motocicletas;1;0;-57.6827286;-16.0671623
Cuiabá;1;Mato Grosso;MT;Centro-oeste;785;726;834;800;23301195; 39485.65;612547;Demais serviços;Comércio e reparação de veículos automotores e motocicletas;Administração, defesa, educação e saúde públicas e seguridade social;26;0;-56.0968227;-15.6008600
Rondonópolis;0;Mato Grosso;MT;Centro-oeste;755;698;823;749;9598522; 43175.13;232491;Demais serviços;Comércio e reparação de veículos automotores e motocicletas;Indústrias de transformação;1;0;-54.6387229;-16.4654757
Sinop;0;Mato Grosso;MT;Centro-oeste;754;682;832;755;5626287; 41408.12;142996;Comércio e reparação de veículos automotores e motocicletas;Demais serviços;Administração, defesa, educação e saúde públicas e seguridade social;1;0;-55.5095451;-11.8608456
Anápolis;0;Goiás;GO;Centro-oeste;737;660;822;737;14204319; 37863.85;386923;Demais serviços;Indústrias de transformação;Comércio e reparação de veículos automotores e motocicletas;5;0;-48.9534334;-16.3286427
Goianésia;0;Goiás;GO;Centro-oeste;727;636;840;719;1326891; 19655.61;70084;Demais serviços;Administração, defesa, educação e saúde públicas e seguridade social;Indústrias de transformação;1;0;-49.1166441;-15.3122723
Goiânia;1;Goiás;GO;Centro-oeste;799;739;838;824;49023142; 33437.67;1516113;Demais serviços;Comércio e reparação de veículos automotores e motocicletas;Administração, defesa, educação e saúde públicas e seguridade social;61;1378376;-49.2647943;-16.6868912
Goiás;0;Goiás;GO;Centro-oeste;709;621;805;713;454076; 18838.99;22645;Demais serviços;Administração, defesa, educação e saúde públicas e seguridade social;Pecuária, inclusive apoio à pecuária;3;0;-49.8362237;-15.8270369
Inhumas;0;Goiás;GO;Centro-oeste;720;618;842;718;1118705; 21385.65;52866;Demais serviços;Administração, defesa, educação e saúde públicas e seguridade social;Indústrias de transformação;1;0;-49.4916776;-16.3731290
Israelândia;0;Goiás;GO;Centro-oeste;711;652;831;664;48280; 16591.18;2800;Administração, defesa, educação e saúde públicas e seguridade social;Pecuária, inclusive apoio à pecuária;Demais serviços;9;5900000;-50.8664451;-16.3655259
Trindade;0;Goiás;GO;Centro-oeste;699;608;822;682;2064525; 17024.76;127599;Demais serviços;Administração, defesa, educação e saúde públicas e seguridade social;Indústrias de transformação;1;0;-49.4870702;-16.6549240
Brasília;1;Distrito Federal;DF;Centro-oeste;824;742;873;863;244682756; 80502.47;3015268;Administração, defesa, educação e saúde públicas e seguridade social;Demais serviços;Comércio e reparação de veículos automotores e motocicletas;7;42231;-47.9218204;-15.8266910
Campo Grande;0;Rio Grande do Norte;RN;Nordeste;621;495;774;624;83511;8549.46;9655;Administração, defesa, educação e saúde públicas e seguridade social;Demais serviços;Pecuária, inclusive apoio à pecuária;1;0;-37.31179;-5.862525
